{"cameraMode":{"drawMode":0,"name":"Shaded","section":"Shading Mode"},"sceneLighting":false,"audioPlay":false,"sceneViewState":{"m_AlwaysRefresh":false,"showFog":true,"showSkybox":false,"showFlares":true,"showImageEffects":true,"showParticleSystems":true,"showVisualEffectGraphs":true,"m_FxEnabled":true},"in2DMode":false,"pivot":{"x":0.033531706780195239,"y":-0.02766917645931244,"z":0.019183889031410219},"rotation":{"x":-0.12263718992471695,"y":-0.8764173984527588,"z":0.3057607114315033,"w":-0.35135143995285036},"size":0.21124273538589478,"orthographic":true}