{"cameraMode":{"drawMode":0,"name":"Shaded","section":"Shading Mode"},"sceneLighting":false,"audioPlay":false,"sceneViewState":{"m_AlwaysRefresh":false,"showFog":true,"showSkybox":false,"showFlares":true,"showImageEffects":true,"showParticleSystems":true,"showVisualEffectGraphs":true,"m_FxEnabled":true},"in2DMode":false,"pivot":{"x":-0.05016999691724777,"y":0.18660999834537507,"z":-0.08064000308513642},"rotation":{"x":0.019939308986067773,"y":0.9701212644577026,"z":0.2266325205564499,"w":-0.08520008623600006},"size":0.17841675877571107,"orthographic":true}