{"cameraMode":{"drawMode":0,"name":"Shaded","section":"Shading Mode"},"sceneLighting":false,"audioPlay":false,"sceneViewState":{"m_AlwaysRefresh":false,"showFog":true,"showSkybox":false,"showFlares":true,"showImageEffects":true,"showParticleSystems":true,"showVisualEffectGraphs":true,"m_FxEnabled":true},"in2DMode":false,"pivot":{"x":-0.003211185336112976,"y":0.00003254413604736328,"z":-0.000057071447372436523},"rotation":{"x":0.051606904715299609,"y":0.7060205936431885,"z":-0.051419440656900409,"w":0.7047247290611267},"size":0.31137216091156008,"orthographic":true}