{"cameraMode":{"drawMode":0,"name":"Shaded","section":"Shading Mode"},"sceneLighting":false,"audioPlay":false,"sceneViewState":{"m_AlwaysRefresh":false,"showFog":true,"showSkybox":false,"showFlares":true,"showImageEffects":true,"showParticleSystems":true,"showVisualEffectGraphs":true,"m_FxEnabled":true},"in2DMode":false,"pivot":{"x":-0.027092345058918,"y":0.0007433444261550903,"z":0.03518983721733093},"rotation":{"x":0.1279764175415039,"y":-0.6819798350334168,"z":0.12308333069086075,"w":0.7095451951026917},"size":0.24094116687774659,"orthographic":true}