{"cameraMode":{"drawMode":0,"name":"Shaded","section":"Shading Mode"},"sceneLighting":false,"audioPlay":false,"sceneViewState":{"m_AlwaysRefresh":false,"showFog":true,"showSkybox":false,"showFlares":true,"showImageEffects":true,"showParticleSystems":true,"showVisualEffectGraphs":true,"m_FxEnabled":true},"in2DMode":false,"pivot":{"x":0.006979651749134064,"y":0.007015913724899292,"z":-0.007058717310428619},"rotation":{"x":0.31600823998451235,"y":0.538552463054657,"z":-0.22754144668579102,"w":0.7474812865257263},"size":0.2574412226676941,"orthographic":true}