{"cameraMode":{"drawMode":0,"name":"Shaded","section":"Shading Mode"},"sceneLighting":false,"audioPlay":false,"sceneViewState":{"m_AlwaysRefresh":false,"showFog":true,"showSkybox":false,"showFlares":true,"showImageEffects":true,"showParticleSystems":true,"showVisualEffectGraphs":true,"m_FxEnabled":true},"in2DMode":false,"pivot":{"x":-16.270000457763673,"y":-2.957024335861206,"z":-1.2300002574920655},"rotation":{"x":0.009508753195405007,"y":0.7097944021224976,"z":-0.009582516737282277,"w":0.7042821049690247},"size":0.08728493750095368,"orthographic":true}