{"cameraMode":{"drawMode":0,"name":"Shaded","section":"Shading Mode"},"sceneLighting":false,"audioPlay":false,"sceneViewState":{"m_AlwaysRefresh":false,"showFog":true,"showSkybox":false,"showFlares":true,"showImageEffects":true,"showParticleSystems":true,"showVisualEffectGraphs":true,"m_FxEnabled":true},"in2DMode":false,"pivot":{"x":0.16177813708782197,"y":-0.0828363299369812,"z":0.04102468118071556},"rotation":{"x":0.6185452342033386,"y":-0.004717331845313311,"z":0.003708752803504467,"w":0.7857378125190735},"size":0.21701636910438538,"orthographic":true}