{"cameraMode":{"drawMode":0,"name":"Shaded","section":"Shading Mode"},"sceneLighting":false,"audioPlay":false,"sceneViewState":{"m_AlwaysRefresh":false,"showFog":true,"showSkybox":false,"showFlares":true,"showImageEffects":true,"showParticleSystems":true,"showVisualEffectGraphs":true,"m_FxEnabled":true},"in2DMode":false,"pivot":{"x":-16.270000457763673,"y":-2.9300005435943605,"z":-1.2300002574920655},"rotation":{"x":0.013377688825130463,"y":-0.15417173504829408,"z":0.001843737787567079,"w":0.9881005883216858},"size":0.2885756492614746,"orthographic":true}