{"cameraMode":{"drawMode":0,"name":"Shaded","section":"Shading Mode"},"sceneLighting":false,"audioPlay":false,"sceneViewState":{"m_AlwaysRefresh":false,"showFog":true,"showSkybox":false,"showFlares":true,"showImageEffects":true,"showParticleSystems":true,"showVisualEffectGraphs":true,"m_FxEnabled":true},"in2DMode":false,"pivot":{"x":0.03142215311527252,"y":-0.02731078863143921,"z":-0.03158050775527954},"rotation":{"x":0.25305047631263735,"y":0.7258245348930359,"z":-0.5427612662315369,"w":0.3387225270271301},"size":0.24423611164093018,"orthographic":true}