{"cameraMode":{"drawMode":0,"name":"Shaded","section":"Shading Mode"},"sceneLighting":false,"audioPlay":false,"sceneViewState":{"m_AlwaysRefresh":false,"showFog":true,"showSkybox":false,"showFlares":true,"showImageEffects":true,"showParticleSystems":true,"showVisualEffectGraphs":true,"m_FxEnabled":true},"in2DMode":false,"pivot":{"x":-16.336597442626954,"y":-2.801804542541504,"z":-1.1315677165985108},"rotation":{"x":0.031183669343590738,"y":-0.14017052948474885,"z":0.004416722804307938,"w":0.9896275401115418},"size":0.34155306220054629,"orthographic":true}