{"cameraMode":{"drawMode":0,"name":"Shaded","section":"Shading Mode"},"sceneLighting":false,"audioPlay":false,"sceneViewState":{"m_AlwaysRefresh":false,"showFog":true,"showSkybox":false,"showFlares":true,"showImageEffects":true,"showParticleSystems":true,"showVisualEffectGraphs":true,"m_FxEnabled":true},"in2DMode":false,"pivot":{"x":0.0046440064907073978,"y":0.005394235253334045,"z":0.03103858232498169},"rotation":{"x":0.025750987231731416,"y":0.9741766452789307,"z":-0.15322443842887879,"w":0.16402113437652589},"size":0.21095594763755799,"orthographic":true}