{"cameraMode":{"drawMode":0,"name":"Shaded","section":"Shading Mode"},"sceneLighting":false,"audioPlay":false,"sceneViewState":{"m_AlwaysRefresh":false,"showFog":true,"showSkybox":false,"showFlares":true,"showImageEffects":true,"showParticleSystems":true,"showVisualEffectGraphs":true,"m_FxEnabled":true},"in2DMode":false,"pivot":{"x":-0.011145934462547303,"y":0.0014262944459915162,"z":-0.010817378759384156},"rotation":{"x":0.22246943414211274,"y":0.7399458289146423,"z":-0.5636743903160095,"w":0.2920231819152832},"size":0.16706424951553346,"orthographic":true}