{"cameraMode":{"drawMode":0,"name":"Shaded","section":"Shading Mode"},"sceneLighting":false,"audioPlay":false,"sceneViewState":{"m_AlwaysRefresh":false,"showFog":true,"showSkybox":false,"showFlares":true,"showImageEffects":true,"showParticleSystems":true,"showVisualEffectGraphs":true,"m_FxEnabled":true},"in2DMode":false,"pivot":{"x":-0.015242673456668854,"y":-0.005518168210983276,"z":0.0061553120613098148},"rotation":{"x":0.39602166414260867,"y":-0.47987717390060427,"z":0.2566588521003723,"w":0.7397687435150147},"size":0.41314756870269778,"orthographic":true}