{"cameraMode":{"drawMode":0,"name":"Shaded","section":"Shading Mode"},"sceneLighting":false,"audioPlay":false,"sceneViewState":{"m_AlwaysRefresh":false,"showFog":true,"showSkybox":false,"showFlares":true,"showImageEffects":true,"showParticleSystems":true,"showVisualEffectGraphs":true,"m_FxEnabled":true},"in2DMode":false,"pivot":{"x":0.5056366324424744,"y":-1.5810904502868653,"z":-0.4125467538833618},"rotation":{"x":0.3994472026824951,"y":-0.06180676072835922,"z":0.02701316587626934,"w":0.9142988324165344},"size":2.6719744205474855,"orthographic":true}